class,count,share
1,1767,0.3204570184983678
2,418,0.07580703663402248
3,829,0.15034457743924556
4,2500,0.45339136742836417
